time,Sum_steel_outflow,Sum_conc_outflow,Sum_engwood_outflow,Sum_dimlum_outflow,Sum_masonry_outflow
2017,0.0008445273409042607,0.0052232969777785045,0.0008297694312018542,0.0018115139597592678,0.0023912759735324842
2018,0.0010205855546772898,0.006312195287709591,0.0010027510693562888,0.0021891594254857673,0.0028897841169125238
2019,0.0012223660579101544,0.007560184517019831,0.0012010054760926993,0.0026219795570943424,0.0034611242328229236
2020,0.0014521760145705838,0.008981542492407936,0.0014267993550447413,0.0031149245090828295,0.004111826226705993
2021,0.001712407705616133,0.010591086285624636,0.0016824828188570472,0.0036731289840810817,0.004848656659455284
2022,0.002005535285264071,0.012404155375695641,0.001970486146912367,0.0043019057690677175,0.005678608464508321
2023,0.002334112382664386,0.014436602753368015,0.0022933173281187687,0.005006741493114367,0.006608892126723368
2024,0.002700772603236739,0.01670481152004072,0.00265356232420574,0.005793299755122961,0.007646932488090788
2025,0.003108225326311295,0.019225673016290124,0.0030538808715757874,0.0066674127298394295,0.008800355434379344
2026,0.0035592500691934534,0.022016554254678782,0.0034970009067258534,0.007635069412587232,0.010076971139764437
2027,0.004056691563530392,0.02509527294037051,0.003985713639073103,0.008702405862604352,0.011484758227431982
2028,0.004603454112060357,0.028480068167130994,0.004522867915858567,0.00987569391153386,0.01303184583911486
2029,0.005202494660409443,0.03218957906838755,0.00511136334230934,0.011161326957854838,0.014726492391680342
2030,0.00585681484739355,0.03624276163748586,0.0057541424035334795,0.012565803523389391,0.016577061500451656
2031,0.0065694520470293855,0.040658863926644424,0.006454181598239232,0.01409570862638324,0.01859199503528672
2032,0.007343469301449407,0.04545736644857035,0.0072144814866866155,0.01575769274238696,0.020779783042939176
2033,0.008181943727471126,0.050657907953110336,0.0080380552547766,0.017558447350351246,0.023148929636354242
2034,0.00908795304396574,0.05628013901718084,0.008927915457116442,0.0195046762207319,0.025707914087173288
2035,0.010064560827087154,0.06234382127859004,0.009887059513397084,0.02160306394852069,0.028465148290123126
2036,0.011114800566397276,0.0688685574686818,0.010918454026281384,0.023860241920932154,0.031428930692679366
2037,0.012241658400120805,0.07587373993399006,0.012025017804493235,0.026282751429365873,0.0346073963960514
2038,0.013448060085907806,0.08337843678132628,0.013209603423916765,0.028877003511506294,0.038008463044455335
2039,0.014736857220052838,0.0914012675444485,0.014474977199351043,0.03164923520756796,0.04163977221139777
2040,0.0161107589042001,0.09996026996688251,0.01582380244128709,0.034605462657985274,0.04550862660524315
2041,0.01757235985623325,0.10907275816985024,0.017258605832810033,0.037751431100584876,0.0496219231316843
2042,0.01912409861581006,0.1187551720735386,0.018781759250159662,0.041092561717455074,0.05398608178074611
2043,0.02076823147033045,0.12902291827372583,0.02039545593525952,0.04463389537794913,0.058606970402442345
2044,0.022506805038303008,0.13989020272389566,0.022101681937060642,0.048380033371640215,0.06348982549600779
2045,0.024341383627344566,0.15136985544185855,0.023902187974477376,0.05233507520287758,0.06863916914752599
2046,0.026273662166399227,0.16347314779965486,0.02579854540004018,0.056502553619121765,0.07405872235871627
2047,0.028304903445243893,0.17620413359239487,0.02779207305467863,0.06088536711370359,0.0797513150968361
2048,0.030436008818293316,0.1895733004498445,0.02988342275310697,0.06548571006081966,0.08571879337988654
2049,0.03266751478322663,0.2035871626864138,0.03207283234942208,0.07030500074003937,0.09196192382916324
2050,0.03500079819314068,0.21824883358286418,0.03436068464089932,0.07534380800661232,0.09848029651780767
2051,0.03743494196125699,0.23355882848752238,0.0367466710377905,0.08060177719943148,0.10527222687692239
2052,0.03996761284725606,0.24951449832805195,0.03923002652425935,0.0860775558753388,0.1123346574727547
2053,0.04259846910744804,0.26611047208356675,0.04180949744563671,0.0917687200686015,0.11966306060234988
2054,0.04532588115133681,0.2833444354664131,0.04448331010785593,0.09767170186882651,0.1272513427798786
2055,0.04814750938460388,0.30121448975682813,0.04724914059237352,0.10378171919350514,0.13509175230432058
2056,0.05106042328622053,0.31969561342343195,0.05010408623352192,0.1100927087296691,0.14317479122556986
2057,0.05406107404471989,0.3387663715082884,0.05304463924316327,0.11659726310799381,0.15148913314474793
2058,0.05714526983952718,0.358404116979078,0.05606666297397633,0.1232865734224404,0.16002154838211557
2059,0.060308154310502356,0.37858227682795115,0.0591653713510587,0.13015037829171766,0.16875683815130987
2060,0.06354418886600456,0.3992702717143383,0.06233531211529764,0.13717692082121863,0.17767777950815528
2061,0.06684713946195514,0.42043422196521574,0.0655703544996771,0.14435291482413964,0.18676508289035898
2062,0.07021006849743208,0.44203432513589136,0.0688636819719186,0.15166352169232084,0.19599736411303767
2063,0.07362533267310849,0.46403445097329865,0.07220779089930772,0.15909233954054505,0.20535113278087685
2064,0.07708458762640677,0.48636196148499744,0.07559449595550113,0.16662140621088525,0.214800799065116
2065,0.08057879960454044,0.5089901786594648,0.07901494247423266,0.1742312171036233,0.22431870057476094
2066,0.08409826472231038,0.5318323406386224,0.0824596373614926,0.18190075910012213,0.2338751511015952
2067,0.08763263641941056,0.5548272853543669,0.08591847544369582,0.18960756188222616,0.24343851295165186
2068,0.09117096151867524,0.5779326165637364,0.08938071772711263,0.19732776767263416,0.25297529438105987
2069,0.09470172523691588,0.6011015230816572,0.09283572722289864,0.20503622029562069,0.2624502734644698
2070,0.0982129058128691,0.6242438165916341,0.09627143125682763,0.2127065746923069,0.2718266495895172
2071,0.10169203908330407,0.6472756402904434,0.09967545596274795,0.22031142756312724,0.2810662234094491
2072,0.10512629312650237,0.670109562762322,0.10303529286228799,0.22782246945759868,0.29012960571275104
2073,0.10850255285977596,0.6927844612386247,0.10633816955047888,0.2352106582403669,0.29897645524600214
2074,0.11180633504959774,0.7151113202267333,0.10957114318757094,0.24244641355153268,0.30756574508041046
2075,0.11501553248712636,0.7369455281130644,0.11272120342160832,0.24949983183093388,0.3158560566902906
2076,0.11812529747256506,0.7583233760328452,0.1157753842747984,0.25634092088934274,0.3238059003227852
2077,0.1211223218969972,0.7791449827181809,0.11872088425804916,0.2629398525150127,0.33137405964119543
2078,0.12399357338330247,0.7993287005468185,0.1215451938658479,0.26926723124010404,0.33851995803423085
2079,0.1267264308656788,0.8188016133080543,0.12423622937450303,0.2752943769131137,0.3452040433510305
2080,0.12930882507413957,0.8374970998220719,0.12678247140463528,0.2809936180309175,0.3513881871337159
2081,0.13172938229078082,0.855238113278464,0.12917310663111356,0.28633859244439824,0.35703609381982265
2082,0.13397756957570323,0.872033888989348,0.1313981708657932,0.2913045516496032,0.36211371479208304
2083,0.13604383946458679,0.8881190466855157,0.1334486915461459,0.29586866446118426,0.3665896615890161
2084,0.13791977195741636,0.9031268675123505,0.13531682748215185,0.3000103154866259,0.37043561208385484
2085,0.1396003571518863,0.9171405789494647,0.13699600352710395,0.3037113934710306,0.37362670300609085
2086,0.14110879324462644,0.9300674109552431,0.13848103774961631,0.3069565643662296,0.376141901859656
2087,0.1424334631208262,0.9415583557433382,0.13976825862757325,0.3097335238429084,0.37796435108894244
2088,0.1435534055415504,0.9522557180721443,0.14085560986917625,0.3120332240170626,0.3790816772983329
2089,0.1444140221096047,0.9618571744530254,0.14174274047601207,0.3138500692148487,0.37948625841415873
2090,0.14506306422972115,0.9703718514996985,0.1424310774358542,0.3151820755121316,0.3791754418697106
2091,0.14554083539395662,0.9777387502864409,0.14292387876591325,0.31603098928216183,0.37815170736925635
2092,0.14582936346731087,0.9840337997475792,0.14322626491544027,0.31640236052243764,0.3764227684273163
2093,0.14588919927931268,0.9893221544529356,0.14334522691139961,0.31630556742949434,0.3740016077134247
2094,0.1457860147130686,0.9936969744337577,0.14328960995212456,0.31575378941927923,0.3709064422280532
2095,0.1455220459967224,0.9974874872216255,0.14307007124953938,0.31476392639097767,0.3671606154474392
2096,0.14510103145949568,1.0000146013429039,0.14269901155967132,0.3133564631907921,0.36279241494661424
2097,0.14456937522388366,1.0019482100955956,0.14219048041684873,0.31155527939009875,0.35783481549401475
2098,0.1438875158767087,1.0027475074704453,0.14156101491447587,0.30938740571602263,0.3523251491977365
2099,0.14302694548013548,1.0034079185787697,0.1408311223486661,0.3068827296764451,0.34630470592274165
2100,0.14211962217995902,1.0025438244054017,0.14001547880313894,0.3040736539698801,0.3398182688242161
